[
{
  "model": "courses.subject",
  "pk": 1,
  "fields": {
    "title": "Mathematics",
    "slug": "mathematics"
  }
},
{
  "model": "courses.subject",
  "pk": 2,
  "fields": {
    "title": "Physics",
    "slug": "physics"
  }
},
{
  "model": "courses.subject",
  "pk": 3,
  "fields": {
    "title": "Music",
    "slug": "music"
  }
},
{
  "model": "courses.subject",
  "pk": 4,
  "fields": {
    "title": "Programming",
    "slug": "programming"
  }
},
{
  "model": "courses.subject",
  "pk": 5,
  "fields": {
    "title": "English",
    "slug": "english"
  }
},
{
  "model": "courses.subject",
  "pk": 6,
  "fields": {
    "title": "Science",
    "slug": "science"
  }
},
{
  "model": "courses.subject",
  "pk": 7,
  "fields": {
    "title": "Marketing",
    "slug": "marketing"
  }
},
{
  "model": "courses.subject",
  "pk": 8,
  "fields": {
    "title": "Ecommerce",
    "slug": "ecommerce"
  }
}
]
